{"cameraMode":{"drawMode":0,"name":"Shaded","section":"Shading Mode"},"sceneLighting":true,"audioPlay":false,"sceneViewState":{"m_AlwaysRefresh":false,"showFog":true,"showSkybox":true,"showFlares":true,"showImageEffects":true,"showParticleSystems":true,"showVisualEffectGraphs":true,"m_FxEnabled":true},"in2DMode":false,"pivot":{"x":1.9989157915115357,"y":6.085639476776123,"z":0.31867218017578127},"rotation":{"x":0.035821110010147098,"y":0.16559754312038423,"z":-0.00586650101467967,"w":0.9853917360305786},"size":16.683557510375978,"orthographic":false}